time	motion	power_consumption	acoustic_pressure_dB	door_opening	label
2015-05-04 00:30:00	0.000000	0.000000	0.013414	0.000000	0.000000
2015-05-04 01:00:00	0.000000	0.000000	0.013314	0.000000	0.000000
2015-05-04 01:30:00	0.000000	0.000000	0.013214	0.000000	0.000000
2015-05-04 02:00:00	0.000000	0.000000	0.013114	0.000000	0.000000
2015-05-04 02:30:00	0.000000	0.000000	0.013014	0.000000	0.000000
2015-05-04 03:00:00	0.000000	0.000000	0.012914	0.000000	0.000000
2015-05-04 03:30:00	0.000000	0.000000	0.012814	0.000000	0.000000
2015-05-04 04:00:00	0.000000	0.000000	0.012714	0.000000	0.000000
2015-05-04 04:30:00	0.000000	0.000000	0.013042	0.000000	0.000000
2015-05-04 05:00:00	0.000000	0.000000	0.013100	0.000000	0.000000
2015-05-04 05:30:00	0.000000	0.000000	0.013100	0.000000	0.000000
2015-05-04 06:00:00	0.000000	0.000000	0.013355	0.000000	0.000000
2015-05-04 06:30:00	0.000000	0.000000	0.013315	0.000000	0.000000
2015-05-04 07:00:00	0.000000	0.000000	0.013470	0.000000	0.000000
2015-05-04 07:30:00	0.000000	0.000000	0.013669	0.000000	0.000000
2015-05-04 08:00:00	0.000000	0.000000	0.021310	0.000000	0.000000
2015-05-04 08:30:00	2.000000	0.000000	0.013333	0.147616	0.000000
2015-05-04 09:00:00	3.000000	0.000000	0.023215	0.338414	0.000000
2015-05-04 09:30:00	2.000000	0.000000	0.046246	1.000000	2.000000
2015-05-04 10:00:00	5.000000	1.000000	0.031518	0.084933	1.000000
2015-05-04 10:30:00	5.000000	1.000000	0.038098	0.004820	2.000000
2015-05-04 11:00:00	7.000000	1.000000	0.014750	0.001893	1.000000
2015-05-04 11:30:00	2.000000	1.000000	0.009055	0.019062	1.000000
2015-05-04 12:00:00	5.000000	1.000000	0.010658	0.060952	1.000000
2015-05-04 12:30:00	5.000000	1.000000	0.010139	0.002177	1.000000
2015-05-04 13:00:00	11.000000	1.000000	0.016140	0.001751	1.000000
2015-05-04 13:30:00	5.000000	2.000000	0.035295	0.006185	2.000000
2015-05-04 14:00:00	3.000000	2.000000	0.061562	0.640073	3.000000
2015-05-04 14:30:00	5.000000	3.000000	0.066100	0.144810	4.000000
2015-05-04 15:00:00	5.000000	3.000000	0.055863	0.001932	4.000000
2015-05-04 15:30:00	5.000000	2.000000	0.035881	0.002553	2.000000
2015-05-04 16:00:00	5.000000	2.000000	0.020990	0.019179	2.000000
2015-05-04 16:30:00	3.000000	3.000000	0.030760	0.485492	3.000000
2015-05-04 17:00:00	4.000000	3.000000	0.048792	0.000000	3.000000
2015-05-04 17:30:00	6.000000	3.000000	0.017091	0.379786	2.000000
2015-05-04 18:00:00	5.000000	1.000000	0.032175	0.042991	2.000000
2015-05-04 18:30:00	3.000000	1.000000	0.026379	0.000000	1.000000
2015-05-04 19:00:00	3.000000	1.000000	0.011609	0.002658	1.000000
2015-05-04 19:30:00	0.000000	0.000000	0.001595	0.000000	1.000000
2015-05-04 20:00:00	0.000000	0.000000	0.001006	0.000000	0.000000
2015-05-04 20:30:00	0.000000	0.000000	0.001000	0.000000	0.000000
2015-05-04 21:00:00	0.000000	0.000000	0.001000	0.000000	0.000000
2015-05-04 21:30:00	0.000000	0.000000	0.001000	0.000000	0.000000
2015-05-04 22:00:00	0.000000	0.000000	0.001000	0.000000	0.000000
2015-05-04 22:30:00	0.000000	0.000000	0.001000	0.000000	0.000000
2015-05-04 23:00:00	0.000000	0.000000	0.001000	0.000000	0.000000
2015-05-04 23:30:00	0.000000	0.000000	0.001000	0.000000	0.000000
2015-05-05 00:00:00	0.000000	0.000000	0.001000	0.000000	0.000000
2015-05-05 00:30:00	0.000000	0.000000	0.001000	0.000000	0.000000
2015-05-05 01:00:00	0.000000	0.000000	0.001000	0.000000	0.000000
2015-05-05 01:30:00	0.000000	0.000000	0.001000	0.000000	0.000000
2015-05-05 02:00:00	0.000000	0.000000	0.001000	0.000000	0.000000
2015-05-05 02:30:00	0.000000	0.000000	0.001000	0.000000	0.000000
2015-05-05 03:00:00	0.000000	0.000000	0.001000	0.000000	0.000000
2015-05-05 03:30:00	0.000000	0.000000	0.001000	0.000000	0.000000
2015-05-05 04:00:00	0.000000	0.000000	0.001000	0.000000	0.000000
2015-05-05 04:30:00	0.000000	0.000000	0.001000	0.000000	0.000000
2015-05-05 05:00:00	0.000000	0.000000	0.001000	0.000000	0.000000
2015-05-05 05:30:00	0.000000	0.000000	0.001000	0.000000	0.000000
2015-05-05 06:00:00	0.000000	0.000000	0.001000	0.000000	0.000000
2015-05-05 06:30:00	0.000000	0.000000	0.001000	0.000000	0.000000
2015-05-05 07:00:00	0.000000	0.000000	0.001000	0.000000	0.000000
2015-05-05 07:30:00	0.000000	0.000000	0.001000	0.000000	0.000000
2015-05-05 08:00:00	0.000000	0.000000	0.001000	0.000000	0.000000
2015-05-05 08:30:00	1.000000	0.000000	0.001000	0.021509	0.000000
2015-05-05 09:00:00	8.000000	1.000000	0.016655	0.916324	1.000000
2015-05-05 09:30:00	7.000000	1.000000	0.038933	1.000000	1.000000
2015-05-05 10:00:00	5.000000	1.000000	0.021404	0.280595	1.000000
2015-05-05 10:30:00	5.000000	2.000000	0.024548	0.013526	1.000000
2015-05-05 11:00:00	5.000000	2.000000	0.033223	0.568727	3.000000
2015-05-05 11:30:00	2.000000	3.000000	0.043532	0.352583	3.000000
2015-05-05 12:00:00	9.000000	3.000000	0.036377	0.025347	3.000000
2015-05-05 12:30:00	1.000000	3.000000	0.022738	0.131526	1.000000
2015-05-05 13:00:00	2.000000	2.000000	0.026855	0.173103	1.000000
2015-05-05 13:30:00	3.000000	1.000000	0.035595	0.422570	3.000000
2015-05-05 14:00:00	5.000000	2.000000	0.036332	0.000000	3.000000
2015-05-05 14:30:00	3.000000	1.000000	0.038204	0.002899	2.000000
2015-05-05 15:00:00	2.000000	1.000000	0.018126	0.001798	2.000000
2015-05-05 15:30:00	2.000000	2.000000	0.017803	0.085296	3.000000
2015-05-05 16:00:00	1.000000	2.000000	0.019957	0.006635	2.000000
2015-05-05 16:30:00	4.000000	1.000000	0.024004	0.292683	1.000000
2015-05-05 17:00:00	4.000000	2.000000	0.034989	0.199668	2.000000
2015-05-05 17:30:00	7.000000	2.000000	0.023113	0.002745	1.000000
2015-05-05 18:00:00	8.000000	2.000000	0.036275	0.000000	2.000000
2015-05-05 18:30:00	8.000000	2.000000	0.036608	0.052593	2.000000
2015-05-05 19:00:00	1.000000	0.000000	0.002661	0.004433	1.000000
2015-05-05 19:30:00	0.000000	0.000000	0.001000	0.000000	0.000000
2015-05-05 20:00:00	0.000000	0.000000	0.001000	0.000000	0.000000
2015-05-05 20:30:00	0.000000	0.000000	0.001000	0.000000	0.000000
2015-05-05 21:00:00	0.000000	0.000000	0.001000	0.000000	0.000000
2015-05-05 21:30:00	0.000000	0.000000	0.001000	0.000000	0.000000
2015-05-05 22:00:00	0.000000	0.000000	0.001000	0.000000	0.000000
2015-05-05 22:30:00	0.000000	0.000000	0.001000	0.000000	0.000000
2015-05-05 23:00:00	0.000000	0.000000	0.001000	0.000000	0.000000
2015-05-05 23:30:00	0.000000	0.000000	0.001000	0.000000	0.000000
2015-05-06 00:00:00	0.000000	0.000000	0.001000	0.000000	0.000000
2015-05-06 00:30:00	0.000000	0.000000	0.001000	0.000000	0.000000
2015-05-06 01:00:00	0.000000	0.000000	0.001000	0.000000	0.000000
2015-05-06 01:30:00	0.000000	0.000000	0.001000	0.000000	0.000000
2015-05-06 02:00:00	0.000000	0.000000	0.001000	0.000000	0.000000
2015-05-06 02:30:00	0.000000	0.000000	0.001000	0.000000	0.000000
2015-05-06 03:00:00	0.000000	0.000000	0.001000	0.000000	0.000000
2015-05-06 03:30:00	0.000000	0.000000	0.001000	0.000000	0.000000
2015-05-06 04:00:00	0.000000	0.000000	0.001000	0.000000	0.000000
2015-05-06 04:30:00	0.000000	0.000000	0.001000	0.000000	0.000000
2015-05-06 05:00:00	0.000000	0.000000	0.001000	0.000000	0.000000
2015-05-06 05:30:00	0.000000	0.000000	0.001000	0.000000	0.000000
2015-05-06 06:00:00	0.000000	0.000000	0.001000	0.000000	0.000000
2015-05-06 06:30:00	0.000000	0.000000	0.001000	0.000000	0.000000
2015-05-06 07:00:00	0.000000	0.000000	0.001000	0.000000	0.000000
2015-05-06 07:30:00	0.000000	0.000000	0.001000	0.000000	0.000000
2015-05-06 08:00:00	2.000000	0.000000	0.001000	0.109832	0.000000
2015-05-06 08:30:00	2.000000	1.000000	0.009945	0.223675	1.000000
2015-05-06 09:00:00	12.000000	2.000000	0.023215	0.050017	1.000000
2015-05-06 09:30:00	5.000000	2.000000	0.037840	0.067688	3.000000
2015-05-06 10:00:00	0.000000	4.000000	0.038273	0.131878	4.000000
2015-05-06 10:30:00	4.000000	4.000000	0.036214	1.000000	4.000000
2015-05-06 11:00:00	5.000000	4.000000	0.030513	1.000000	4.000000
2015-05-06 11:30:00	4.000000	4.000000	0.036285	1.000000	4.000000
2015-05-06 12:00:00	6.000000	4.000000	0.039744	1.000000	4.000000
2015-05-06 12:30:00	9.000000	3.000000	0.038823	1.000000	2.000000
2015-05-06 13:00:00	12.000000	3.000000	0.026320	0.807957	2.000000
2015-05-06 13:30:00	3.000000	2.000000	0.017097	0.034910	1.000000
2015-05-06 14:00:00	1.000000	3.000000	0.022564	0.001759	1.000000
2015-05-06 14:30:00	8.000000	3.000000	0.036508	0.160025	3.000000
2015-05-06 15:00:00	3.000000	2.000000	0.016141	0.004234	1.000000
2015-05-06 15:30:00	7.000000	3.000000	0.041343	0.007006	1.000000
2015-05-06 16:00:00	4.000000	3.000000	0.053467	0.000000	1.000000
2015-05-06 16:30:00	4.000000	1.000000	0.029967	0.005281	3.000000
2015-05-06 17:00:00	11.000000	1.000000	0.015497	0.091229	2.000000
2015-05-06 17:30:00	10.000000	1.000000	0.026417	0.027542	1.000000
2015-05-06 18:00:00	6.000000	2.000000	0.055106	0.207951	1.000000
2015-05-06 18:30:00	11.000000	2.000000	0.016525	0.009669	2.000000
2015-05-06 19:00:00	8.000000	2.000000	0.022141	0.307136	2.000000
2015-05-06 19:30:00	10.000000	1.000000	0.013955	0.015824	1.000000
2015-05-06 20:00:00	2.000000	0.000000	0.001687	0.002058	1.000000
2015-05-06 20:30:00	0.000000	0.000000	0.001000	0.000000	0.000000
2015-05-06 21:00:00	0.000000	0.000000	0.001000	0.000000	0.000000
2015-05-06 21:30:00	0.000000	0.000000	0.001000	0.000000	0.000000
2015-05-06 22:00:00	0.000000	0.000000	0.001000	0.000000	0.000000
2015-05-06 22:30:00	0.000000	0.000000	0.001000	0.000000	0.000000
2015-05-06 23:00:00	0.000000	0.000000	0.001000	0.000000	0.000000
2015-05-06 23:30:00	0.000000	0.000000	0.001000	0.000000	0.000000
2015-05-07 00:00:00	0.000000	0.000000	0.001000	0.000000	0.000000
2015-05-07 00:30:00	0.000000	0.000000	0.001000	0.000000	0.000000
2015-05-07 01:00:00	0.000000	0.000000	0.001000	0.000000	0.000000
2015-05-07 01:30:00	0.000000	0.000000	0.001000	0.000000	0.000000
2015-05-07 02:00:00	0.000000	0.000000	0.001000	0.000000	0.000000
2015-05-07 02:30:00	0.000000	0.000000	0.001000	0.000000	0.000000
2015-05-07 03:00:00	0.000000	0.000000	0.001000	0.000000	0.000000
2015-05-07 03:30:00	0.000000	0.000000	0.001000	0.000000	0.000000
2015-05-07 04:00:00	0.000000	0.000000	0.001000	0.000000	0.000000
2015-05-07 04:30:00	0.000000	0.000000	0.001000	0.000000	0.000000
2015-05-07 05:00:00	0.000000	0.000000	0.001000	0.000000	0.000000
2015-05-07 05:30:00	0.000000	0.000000	0.001000	0.000000	0.000000
2015-05-07 06:00:00	0.000000	0.000000	0.001000	0.000000	0.000000
2015-05-07 06:30:00	0.000000	0.000000	0.001000	0.000000	0.000000
2015-05-07 07:00:00	0.000000	0.000000	0.001000	0.000000	0.000000
2015-05-07 07:30:00	0.000000	0.000000	0.001000	0.000000	0.000000
2015-05-07 08:00:00	0.000000	0.000000	0.001000	0.000000	0.000000
2015-05-07 08:30:00	2.000000	0.000000	0.001000	0.180026	0.000000
2015-05-07 09:00:00	8.000000	1.000000	0.027849	0.877603	2.000000
2015-05-07 09:30:00	6.000000	1.000000	0.043911	1.000000	2.000000
2015-05-07 10:00:00	6.000000	1.000000	0.046251	1.000000	2.000000
2015-05-07 10:30:00	1.000000	2.000000	0.057003	1.000000	3.000000
2015-05-07 11:00:00	11.000000	2.000000	0.019189	1.000000	1.000000
2015-05-07 11:30:00	5.000000	2.000000	0.011700	1.000000	1.000000
2015-05-07 12:00:00	10.000000	2.000000	0.015886	1.000000	1.000000
2015-05-07 12:30:00	0.000000	1.000000	0.010418	0.021988	1.000000
2015-05-07 13:00:00	8.000000	1.000000	0.042744	0.122127	1.000000
2015-05-07 13:30:00	3.000000	3.000000	0.043004	0.015822	3.000000
2015-05-07 14:00:00	5.000000	3.000000	0.032898	0.009672	3.000000
2015-05-07 14:30:00	4.000000	1.000000	0.020495	0.235878	1.000000
2015-05-07 15:00:00	1.000000	1.000000	0.022177	0.007629	1.000000
2015-05-07 15:30:00	3.000000	2.000000	0.029990	0.269089	2.000000
2015-05-07 16:00:00	6.000000	2.000000	0.035395	0.184369	3.000000
2015-05-07 16:30:00	10.000000	2.000000	0.027589	0.315181	2.000000
2015-05-07 17:00:00	4.000000	2.000000	0.064247	0.209834	3.000000
2015-05-07 17:30:00	9.000000	1.000000	0.026514	0.002044	2.000000
2015-05-07 18:00:00	4.000000	1.000000	0.052061	0.251120	2.000000
2015-05-07 18:30:00	2.000000	0.000000	0.003171	0.002336	1.000000
2015-05-07 19:00:00	0.000000	0.000000	0.001000	0.000000	0.000000
2015-05-07 19:30:00	0.000000	0.000000	0.001000	0.000000	0.000000
2015-05-07 20:00:00	0.000000	0.000000	0.001000	0.000000	0.000000
2015-05-07 20:30:00	0.000000	0.000000	0.001000	0.000000	0.000000
2015-05-07 21:00:00	0.000000	0.000000	0.001000	0.000000	0.000000
2015-05-07 21:30:00	0.000000	0.000000	0.001000	0.000000	0.000000
2015-05-07 22:00:00	0.000000	0.000000	0.001000	0.000000	0.000000
2015-05-07 22:30:00	0.000000	0.000000	0.001000	0.000000	0.000000
2015-05-07 23:00:00	0.000000	0.000000	0.001000	0.000000	0.000000
2015-05-07 23:30:00	0.000000	0.000000	0.001000	0.000000	0.000000
2015-05-08 00:00:00	0.000000	0.000000	0.001000	0.000000	0.000000
2015-05-08 00:30:00	0.000000	0.000000	0.001000	0.000000	0.000000
2015-05-08 01:00:00	0.000000	0.000000	0.001000	0.000000	0.000000
2015-05-08 01:30:00	0.000000	0.000000	0.001000	0.000000	0.000000
2015-05-08 02:00:00	0.000000	0.000000	0.001000	0.000000	0.000000
2015-05-08 02:30:00	0.000000	0.000000	0.001000	0.000000	0.000000
2015-05-08 03:00:00	0.000000	0.000000	0.001000	0.000000	0.000000
2015-05-08 03:30:00	0.000000	0.000000	0.001000	0.000000	0.000000
2015-05-08 04:00:00	0.000000	0.000000	0.001000	0.000000	0.000000
2015-05-08 04:30:00	0.000000	0.000000	0.001000	0.000000	0.000000
2015-05-08 05:00:00	0.000000	0.000000	0.001000	0.000000	0.000000
2015-05-08 05:30:00	0.000000	0.000000	0.001000	0.000000	0.000000
2015-05-08 06:00:00	0.000000	0.000000	0.001000	0.000000	0.000000
2015-05-08 06:30:00	0.000000	0.000000	0.001000	0.000000	0.000000
2015-05-08 07:00:00	0.000000	0.000000	0.001000	0.000000	0.000000
2015-05-08 07:30:00	0.000000	0.000000	0.001000	0.000000	0.000000
2015-05-08 08:00:00	0.000000	0.000000	0.001000	0.000000	0.000000
2015-05-08 08:30:00	0.000000	0.000000	0.001000	0.000000	0.000000
2015-05-08 09:00:00	0.000000	0.000000	0.001000	0.000000	0.000000
2015-05-08 09:30:00	0.000000	0.000000	0.001000	0.000000	0.000000
2015-05-08 10:00:00	0.000000	0.000000	0.001000	0.000000	0.000000
2015-05-08 10:30:00	0.000000	0.000000	0.001000	0.000000	0.000000
2015-05-08 11:00:00	0.000000	0.000000	0.001000	0.000000	0.000000
2015-05-08 11:30:00	0.000000	0.000000	0.001000	0.000000	0.000000
2015-05-08 12:00:00	0.000000	0.000000	0.001000	0.000000	0.000000
2015-05-08 12:30:00	0.000000	0.000000	0.001000	0.000000	0.000000
2015-05-08 13:00:00	0.000000	0.000000	0.001000	0.000000	0.000000
2015-05-08 13:30:00	0.000000	0.000000	0.001000	0.000000	0.000000
2015-05-08 14:00:00	0.000000	0.000000	0.001000	0.000000	0.000000
2015-05-08 14:30:00	0.000000	0.000000	0.001000	0.000000	0.000000
2015-05-08 15:00:00	0.000000	0.000000	0.001000	0.000000	0.000000
2015-05-08 15:30:00	0.000000	0.000000	0.001000	0.000000	0.000000
2015-05-08 16:00:00	0.000000	0.000000	0.001000	0.000000	0.000000
2015-05-08 16:30:00	0.000000	0.000000	0.001000	0.000000	0.000000
2015-05-08 17:00:00	0.000000	0.000000	0.001000	0.000000	0.000000
2015-05-08 17:30:00	0.000000	0.000000	0.001000	0.000000	0.000000
2015-05-08 18:00:00	0.000000	0.000000	0.001000	0.000000	0.000000
2015-05-08 18:30:00	0.000000	0.000000	0.001000	0.000000	0.000000
2015-05-08 19:00:00	0.000000	0.000000	0.001000	0.000000	0.000000
2015-05-08 19:30:00	0.000000	0.000000	0.001000	0.000000	0.000000
2015-05-08 20:00:00	0.000000	0.000000	0.001000	0.000000	0.000000
2015-05-08 20:30:00	0.000000	0.000000	0.001000	0.000000	0.000000
2015-05-08 21:00:00	0.000000	0.000000	0.001000	0.000000	0.000000
2015-05-08 21:30:00	0.000000	0.000000	0.001000	0.000000	0.000000
2015-05-08 22:00:00	0.000000	0.000000	0.001000	0.000000	0.000000
2015-05-08 22:30:00	0.000000	0.000000	0.001000	0.000000	0.000000
2015-05-08 23:00:00	0.000000	0.000000	0.001000	0.000000	0.000000
2015-05-08 23:30:00	0.000000	0.000000	0.001000	0.000000	0.000000
2015-05-09 00:00:00	0.000000	0.000000	0.001000	0.000000	0.000000
2015-05-09 00:30:00	0.000000	0.000000	0.001000	0.000000	0.000000
2015-05-09 01:00:00	0.000000	0.000000	0.001000	0.000000	0.000000
2015-05-09 01:30:00	0.000000	0.000000	0.001000	0.000000	0.000000
2015-05-09 02:00:00	0.000000	0.000000	0.001000	0.000000	0.000000
2015-05-09 02:30:00	0.000000	0.000000	0.001000	0.000000	0.000000
2015-05-09 03:00:00	0.000000	0.000000	0.001000	0.000000	0.000000
2015-05-09 03:30:00	0.000000	0.000000	0.001000	0.000000	0.000000
2015-05-09 04:00:00	0.000000	0.000000	0.001000	0.000000	0.000000
2015-05-09 04:30:00	0.000000	0.000000	0.001000	0.000000	0.000000
2015-05-09 05:00:00	0.000000	0.000000	0.001000	0.000000	0.000000
2015-05-09 05:30:00	0.000000	0.000000	0.001000	0.000000	0.000000
2015-05-09 06:00:00	0.000000	0.000000	0.001000	0.000000	0.000000
2015-05-09 06:30:00	0.000000	0.000000	0.001000	0.000000	0.000000
2015-05-09 07:00:00	0.000000	0.000000	0.001000	0.000000	0.000000
2015-05-09 07:30:00	0.000000	0.000000	0.001000	0.000000	0.000000
2015-05-09 08:00:00	0.000000	0.000000	0.001000	0.000000	0.000000
2015-05-09 08:30:00	0.000000	0.000000	0.001000	0.000000	0.000000
2015-05-09 09:00:00	0.000000	0.000000	0.001000	0.000000	0.000000
2015-05-09 09:30:00	2.000000	0.000000	0.001000	0.287851	0.000000
2015-05-09 10:00:00	0.000000	0.000000	0.001000	0.000000	0.000000
2015-05-09 10:30:00	0.000000	0.000000	0.001000	0.000000	0.000000
2015-05-09 11:00:00	0.000000	0.000000	0.001000	0.000000	0.000000
2015-05-09 11:30:00	0.000000	0.000000	0.001000	0.000000	0.000000
2015-05-09 12:00:00	0.000000	0.000000	0.001000	0.000000	0.000000
2015-05-09 12:30:00	0.000000	0.000000	0.001000	0.000000	0.000000
2015-05-09 13:00:00	0.000000	0.000000	0.001000	0.000000	0.000000
2015-05-09 13:30:00	0.000000	0.000000	0.001000	0.000000	0.000000
2015-05-09 14:00:00	0.000000	0.000000	0.001000	0.000000	0.000000
2015-05-09 14:30:00	0.000000	0.000000	0.001000	0.000000	0.000000
2015-05-09 15:00:00	0.000000	0.000000	0.001000	0.000000	0.000000
2015-05-09 15:30:00	0.000000	0.000000	0.001000	0.000000	0.000000
2015-05-09 16:00:00	0.000000	0.000000	0.001000	0.000000	0.000000
2015-05-09 16:30:00	0.000000	0.000000	0.001000	0.000000	0.000000
2015-05-09 17:00:00	0.000000	0.000000	0.001000	0.000000	0.000000
2015-05-09 17:30:00	0.000000	0.000000	0.001000	0.000000	0.000000
2015-05-09 18:00:00	0.000000	0.000000	0.001000	0.000000	0.000000
2015-05-09 18:30:00	0.000000	0.000000	0.001000	0.000000	0.000000
2015-05-09 19:00:00	0.000000	0.000000	0.001000	0.000000	0.000000
2015-05-09 19:30:00	0.000000	0.000000	0.001000	0.000000	0.000000
2015-05-09 20:00:00	0.000000	0.000000	0.001000	0.000000	0.000000
2015-05-09 20:30:00	0.000000	0.000000	0.001000	0.000000	0.000000
2015-05-09 21:00:00	0.000000	0.000000	0.001000	0.000000	0.000000
2015-05-09 21:30:00	0.000000	0.000000	0.001000	0.000000	0.000000
2015-05-09 22:00:00	0.000000	0.000000	0.001000	0.000000	0.000000
2015-05-09 22:30:00	0.000000	0.000000	0.001000	0.000000	0.000000
2015-05-09 23:00:00	0.000000	0.000000	0.001000	0.000000	0.000000
2015-05-09 23:30:00	0.000000	0.000000	0.001000	0.000000	0.000000
2015-05-10 00:00:00	0.000000	0.000000	0.001000	0.000000	0.000000
2015-05-10 00:30:00	0.000000	0.000000	0.001000	0.000000	0.000000
2015-05-10 01:00:00	0.000000	0.000000	0.001000	0.000000	0.000000
2015-05-10 01:30:00	0.000000	0.000000	0.001000	0.000000	0.000000
2015-05-10 02:00:00	0.000000	0.000000	0.001000	0.000000	0.000000
2015-05-10 02:30:00	0.000000	0.000000	0.001000	0.000000	0.000000
2015-05-10 03:00:00	0.000000	0.000000	0.001000	0.000000	0.000000
2015-05-10 03:30:00	0.000000	0.000000	0.001000	0.000000	0.000000
2015-05-10 04:00:00	0.000000	0.000000	0.001000	0.000000	0.000000
2015-05-10 04:30:00	0.000000	0.000000	0.001000	0.000000	0.000000
2015-05-10 05:00:00	0.000000	0.000000	0.001000	0.000000	0.000000
2015-05-10 05:30:00	0.000000	0.000000	0.001000	0.000000	0.000000
2015-05-10 06:00:00	0.000000	0.000000	0.001000	0.000000	0.000000
2015-05-10 06:30:00	0.000000	0.000000	0.001000	0.000000	0.000000
2015-05-10 07:00:00	0.000000	0.000000	0.001000	0.000000	0.000000
2015-05-10 07:30:00	0.000000	0.000000	0.001000	0.000000	0.000000
2015-05-10 08:00:00	0.000000	0.000000	0.001000	0.000000	0.000000
2015-05-10 08:30:00	0.000000	0.000000	0.001000	0.000000	0.000000
2015-05-10 09:00:00	0.000000	0.000000	0.001000	0.000000	0.000000
2015-05-10 09:30:00	0.000000	0.000000	0.001000	0.000000	0.000000
2015-05-10 10:00:00	0.000000	0.000000	0.001000	0.000000	0.000000
2015-05-10 10:30:00	0.000000	0.000000	0.001000	0.000000	0.000000
2015-05-10 11:00:00	0.000000	0.000000	0.001000	0.000000	0.000000
2015-05-10 11:30:00	0.000000	0.000000	0.001000	0.000000	0.000000
2015-05-10 12:00:00	0.000000	0.000000	0.001000	0.000000	0.000000
2015-05-10 12:30:00	0.000000	0.000000	0.001000	0.000000	0.000000
2015-05-10 13:00:00	0.000000	0.000000	0.001000	0.000000	0.000000
2015-05-10 13:30:00	0.000000	0.000000	0.001000	0.000000	0.000000
2015-05-10 14:00:00	0.000000	0.000000	0.001000	0.000000	0.000000
2015-05-10 14:30:00	0.000000	0.000000	0.001000	0.000000	0.000000
2015-05-10 15:00:00	0.000000	0.000000	0.001000	0.000000	0.000000
2015-05-10 15:30:00	0.000000	0.000000	0.001000	0.000000	0.000000
2015-05-10 16:00:00	0.000000	0.000000	0.001000	0.000000	0.000000
2015-05-10 16:30:00	0.000000	0.000000	0.001000	0.000000	0.000000
2015-05-10 17:00:00	0.000000	0.000000	0.001000	0.000000	0.000000
2015-05-10 17:30:00	0.000000	0.000000	0.001000	0.000000	0.000000
2015-05-10 18:00:00	0.000000	0.000000	0.001000	0.000000	0.000000
2015-05-10 18:30:00	0.000000	0.000000	0.001000	0.000000	0.000000
2015-05-10 19:00:00	0.000000	0.000000	0.001000	0.000000	0.000000
2015-05-10 19:30:00	0.000000	0.000000	0.001000	0.000000	0.000000
2015-05-10 20:00:00	0.000000	0.000000	0.001000	0.000000	0.000000
2015-05-10 20:30:00	0.000000	0.000000	0.001000	0.000000	0.000000
2015-05-10 21:00:00	0.000000	0.000000	0.001000	0.000000	0.000000
2015-05-10 21:30:00	0.000000	0.000000	0.001000	0.000000	0.000000
2015-05-10 22:00:00	0.000000	0.000000	0.001000	0.000000	0.000000
2015-05-10 22:30:00	0.000000	0.000000	0.001000	0.000000	0.000000
2015-05-10 23:00:00	0.000000	0.000000	0.001000	0.000000	0.000000
2015-05-10 23:30:00	0.000000	0.000000	0.001000	0.000000	0.000000
2015-05-11 00:00:00	0.000000	0.000000	0.001000	0.000000	0.000000
2015-05-11 00:30:00	0.000000	0.000000	0.001000	0.000000	0.000000
2015-05-11 01:00:00	0.000000	0.000000	0.001000	0.000000	0.000000
2015-05-11 01:30:00	0.000000	0.000000	0.001000	0.000000	0.000000
2015-05-11 02:00:00	0.000000	0.000000	0.001000	0.000000	0.000000
2015-05-11 02:30:00	0.000000	0.000000	0.001000	0.000000	0.000000
2015-05-11 03:00:00	0.000000	0.000000	0.001000	0.000000	0.000000
2015-05-11 03:30:00	0.000000	0.000000	0.001000	0.000000	0.000000
2015-05-11 04:00:00	0.000000	0.000000	0.001000	0.000000	0.000000
2015-05-11 04:30:00	0.000000	0.000000	0.001000	0.000000	0.000000
2015-05-11 05:00:00	0.000000	0.000000	0.001000	0.000000	0.000000
2015-05-11 05:30:00	0.000000	0.000000	0.001000	0.000000	0.000000
2015-05-11 06:00:00	0.000000	0.000000	0.001000	0.000000	0.000000
2015-05-11 06:30:00	0.000000	0.000000	0.001000	0.000000	0.000000
2015-05-11 07:00:00	0.000000	0.000000	0.001000	0.000000	0.000000
2015-05-11 07:30:00	0.000000	0.000000	0.001000	0.000000	0.000000
2015-05-11 08:00:00	0.000000	0.000000	0.001000	0.000000	0.000000
2015-05-11 08:30:00	2.000000	0.000000	0.017287	0.294101	1.000000
2015-05-11 09:00:00	8.000000	1.000000	0.020300	1.000000	1.000000
2015-05-11 09:30:00	7.000000	1.000000	0.014416	1.000000	1.000000
2015-05-11 10:00:00	5.000000	1.000000	0.018243	0.128025	1.000000
2015-05-11 10:30:00	5.000000	2.000000	0.023330	0.004603	1.000000
2015-05-11 11:00:00	6.000000	2.000000	0.023258	0.005117	2.000000
2015-05-11 11:30:00	4.000000	2.000000	0.021726	0.003676	2.000000
2015-05-11 12:00:00	8.000000	2.000000	0.017816	0.355394	2.000000
2015-05-11 12:30:00	7.000000	2.000000	0.018563	0.002287	1.000000
2015-05-11 13:00:00	5.000000	1.000000	0.014451	0.000000	1.000000
2015-05-11 13:30:00	6.000000	1.000000	0.018858	0.038347	1.000000
2015-05-11 14:00:00	4.000000	2.000000	0.045101	0.857891	2.000000
2015-05-11 14:30:00	7.000000	2.000000	0.028390	1.000000	2.000000
2015-05-11 15:00:00	5.000000	1.000000	0.014757	1.000000	1.000000
2015-05-11 15:30:00	6.000000	2.000000	0.013813	1.000000	2.000000
2015-05-11 16:00:00	3.000000	2.000000	0.022037	1.000000	2.000000
2015-05-11 16:30:00	10.000000	1.000000	0.018293	1.000000	1.000000
2015-05-11 17:00:00	7.000000	1.000000	0.014992	1.000000	1.000000
2015-05-11 17:30:00	2.000000	1.000000	0.010451	1.000000	1.000000
2015-05-11 18:00:00	2.000000	0.000000	0.010878	0.509548	1.000000
2015-05-11 18:30:00	0.000000	0.000000	0.001412	0.000000	1.000000
2015-05-11 19:00:00	0.000000	0.000000	0.001000	0.000000	0.000000
2015-05-11 19:30:00	0.000000	0.000000	0.001000	0.000000	0.000000
2015-05-11 20:00:00	0.000000	0.000000	0.001000	0.000000	0.000000
2015-05-11 20:30:00	0.000000	0.000000	0.001000	0.000000	0.000000
2015-05-11 21:00:00	0.000000	0.000000	0.001000	0.000000	0.000000
2015-05-11 21:30:00	0.000000	0.000000	0.001000	0.000000	0.000000
2015-05-11 22:00:00	0.000000	0.000000	0.001000	0.000000	0.000000
2015-05-11 22:30:00	0.000000	0.000000	0.001000	0.000000	0.000000
2015-05-11 23:00:00	0.000000	0.000000	0.001000	0.000000	0.000000
2015-05-11 23:30:00	0.000000	0.000000	0.001000	0.000000	0.000000
2015-05-12 00:00:00	0.000000	0.000000	0.001000	0.000000	0.000000
2015-05-12 00:30:00	0.000000	0.000000	0.001000	0.000000	0.000000
2015-05-12 01:00:00	0.000000	0.000000	0.001000	0.000000	0.000000
2015-05-12 01:30:00	0.000000	0.000000	0.001000	0.000000	0.000000
2015-05-12 02:00:00	0.000000	0.000000	0.001000	0.000000	0.000000
2015-05-12 02:30:00	0.000000	0.000000	0.001000	0.000000	0.000000
2015-05-12 03:00:00	0.000000	0.000000	0.001000	0.000000	0.000000
2015-05-12 03:30:00	0.000000	0.000000	0.001000	0.000000	0.000000
2015-05-12 04:00:00	0.000000	0.000000	0.001000	0.000000	0.000000
2015-05-12 04:30:00	0.000000	0.000000	0.001000	0.000000	0.000000
2015-05-12 05:00:00	0.000000	0.000000	0.001000	0.000000	0.000000
2015-05-12 05:30:00	0.000000	0.000000	0.001000	0.000000	0.000000
2015-05-12 06:00:00	0.000000	0.000000	0.001000	0.000000	0.000000
2015-05-12 06:30:00	0.000000	0.000000	0.001000	0.000000	0.000000
2015-05-12 07:00:00	0.000000	0.000000	0.001000	0.000000	0.000000
2015-05-12 07:30:00	0.000000	0.000000	0.001000	0.000000	0.000000
2015-05-12 08:00:00	0.000000	0.000000	0.001000	0.000000	0.000000
2015-05-12 08:30:00	0.000000	0.000000	0.001000	0.000000	0.000000
2015-05-12 09:00:00	0.000000	0.000000	0.001000	0.000000	0.000000
2015-05-12 09:30:00	1.000000	0.000000	0.001000	0.024951	0.000000
2015-05-12 10:00:00	3.000000	0.000000	0.123064	0.385797	1.000000
2015-05-12 10:30:00	3.000000	2.000000	0.214459	1.000000	2.000000
2015-05-12 11:00:00	4.000000	2.000000	0.229036	1.000000	2.000000
2015-05-12 11:30:00	8.000000	2.000000	0.227425	1.000000	2.000000
2015-05-12 12:00:00	4.000000	2.000000	0.241584	1.000000	2.000000
2015-05-12 12:30:00	3.000000	2.000000	0.247154	1.000000	2.000000
2015-05-12 13:00:00	9.000000	1.000000	0.145437	1.000000	1.000000
2015-05-12 13:30:00	8.000000	1.000000	0.088059	1.000000	1.000000
2015-05-12 14:00:00	7.000000	1.000000	0.096164	1.000000	1.000000
2015-05-12 14:30:00	1.000000	1.000000	0.079077	1.000000	1.000000
2015-05-12 15:00:00	10.000000	1.000000	0.073808	1.000000	1.000000
2015-05-12 15:30:00	8.000000	1.000000	0.079026	1.000000	1.000000
2015-05-12 16:00:00	9.000000	1.000000	0.078904	1.000000	2.000000
2015-05-12 16:30:00	6.000000	2.000000	0.079095	1.000000	2.000000
2015-05-12 17:00:00	4.000000	2.000000	0.088044	1.000000	2.000000
2015-05-12 17:30:00	4.000000	2.000000	0.093910	1.000000	1.000000
2015-05-12 18:00:00	3.000000	2.000000	0.086494	1.000000	2.000000
2015-05-12 18:30:00	7.000000	1.000000	0.102875	1.000000	1.000000
2015-05-12 19:00:00	6.000000	1.000000	0.075477	1.000000	1.000000
2015-05-12 19:30:00	9.000000	1.000000	0.073815	1.000000	1.000000
2015-05-12 20:00:00	3.000000	0.000000	0.005004	0.407202	1.000000
2015-05-12 20:30:00	0.000000	0.000000	0.001000	0.000000	0.000000
2015-05-12 21:00:00	0.000000	0.000000	0.001000	0.000000	0.000000
2015-05-12 21:30:00	0.000000	0.000000	0.001000	0.000000	0.000000
2015-05-12 22:00:00	0.000000	0.000000	0.001000	0.000000	0.000000
2015-05-12 22:30:00	0.000000	0.000000	0.001000	0.000000	0.000000
2015-05-12 23:00:00	0.000000	0.000000	0.001000	0.000000	0.000000
2015-05-12 23:30:00	0.000000	0.000000	0.001000	0.000000	0.000000
2015-05-13 00:00:00	0.000000	0.000000	0.001000	0.000000	0.000000
2015-05-13 00:30:00	0.000000	0.000000	0.001000	0.000000	0.000000
2015-05-13 01:00:00	0.000000	0.000000	0.001000	0.000000	0.000000
2015-05-13 01:30:00	0.000000	0.000000	0.001000	0.000000	0.000000
2015-05-13 02:00:00	0.000000	0.000000	0.001000	0.000000	0.000000
2015-05-13 02:30:00	0.000000	0.000000	0.001000	0.000000	0.000000
2015-05-13 03:00:00	0.000000	0.000000	0.001000	0.000000	0.000000
2015-05-13 03:30:00	0.000000	0.000000	0.001000	0.000000	0.000000
2015-05-13 04:00:00	0.000000	0.000000	0.001000	0.000000	0.000000
2015-05-13 04:30:00	0.000000	0.000000	0.001000	0.000000	0.000000
2015-05-13 05:00:00	0.000000	0.000000	0.001000	0.000000	0.000000
2015-05-13 05:30:00	0.000000	0.000000	0.001000	0.000000	0.000000
2015-05-13 06:00:00	0.000000	0.000000	0.001000	0.000000	0.000000
2015-05-13 06:30:00	0.000000	0.000000	0.001000	0.000000	0.000000
2015-05-13 07:00:00	0.000000	0.000000	0.001000	0.000000	0.000000
2015-05-13 07:30:00	0.000000	0.000000	0.001000	0.000000	0.000000
2015-05-13 08:00:00	0.000000	0.000000	0.001000	0.000000	0.000000
2015-05-13 08:30:00	0.000000	0.000000	0.001000	0.000000	0.000000
2015-05-13 09:00:00	2.000000	0.000000	0.001000	0.021217	0.000000
2015-05-13 09:30:00	6.000000	1.000000	0.014953	0.000000	1.000000
2015-05-13 10:00:00	12.000000	1.000000	0.014919	0.000000	1.000000
2015-05-13 10:30:00	3.000000	0.000000	0.014400	0.294202	1.000000
2015-05-13 11:00:00	0.000000	0.000000	0.011622	0.000000	1.000000
2015-05-13 11:30:00	6.000000	1.000000	0.069247	0.006382	1.000000
2015-05-13 12:00:00	3.000000	1.000000	0.086670	0.012838	1.000000
2015-05-13 12:30:00	1.000000	1.000000	0.081488	0.001778	1.000000
2015-05-13 13:00:00	3.000000	1.000000	0.086966	0.510098	0.000000
2015-05-13 13:30:00	5.000000	1.000000	0.090383	0.409478	1.000000
2015-05-13 14:00:00	10.000000	1.000000	0.081698	0.002942	1.000000
2015-05-13 14:30:00	8.000000	1.000000	0.075307	0.000000	1.000000
2015-05-13 15:00:00	1.000000	1.000000	0.073704	0.000000	1.000000
2015-05-13 15:30:00	9.000000	1.000000	0.084153	0.669329	1.000000
2015-05-13 16:00:00	11.000000	1.000000	0.088026	1.000000	1.000000
2015-05-13 16:30:00	12.000000	1.000000	0.075599	1.000000	1.000000
2015-05-13 17:00:00	11.000000	1.000000	0.073550	1.000000	1.000000
2015-05-13 17:30:00	7.000000	1.000000	0.082302	0.839482	1.000000
2015-05-13 18:00:00	13.000000	1.000000	0.073357	1.000000	1.000000
2015-05-13 18:30:00	10.000000	1.000000	0.074533	1.000000	1.000000
2015-05-13 19:00:00	7.000000	1.000000	0.074028	1.000000	1.000000
2015-05-13 19:30:00	6.000000	1.000000	0.075139	1.000000	1.000000
2015-05-13 20:00:00	9.000000	1.000000	0.072837	1.000000	1.000000
2015-05-13 20:30:00	10.000000	1.000000	0.073077	1.000000	1.000000
2015-05-13 21:00:00	9.000000	1.000000	0.069065	0.922360	1.000000
2015-05-13 21:30:00	0.000000	0.000000	0.005407	0.000000	1.000000
2015-05-13 22:00:00	0.000000	0.000000	0.001000	0.000000	0.000000
2015-05-13 22:30:00	0.000000	0.000000	0.001000	0.000000	0.000000
2015-05-13 23:00:00	0.000000	0.000000	0.001000	0.000000	0.000000
2015-05-13 23:30:00	0.000000	0.000000	0.001000	0.000000	0.000000
2015-05-14 00:00:00	0.000000	0.000000	0.001000	0.000000	0.000000
2015-05-14 00:30:00	0.000000	0.000000	0.001000	0.000000	0.000000
2015-05-14 01:00:00	0.000000	0.000000	0.001000	0.000000	0.000000
2015-05-14 01:30:00	0.000000	0.000000	0.001000	0.000000	0.000000
2015-05-14 02:00:00	0.000000	0.000000	0.001000	0.000000	0.000000
2015-05-14 02:30:00	0.000000	0.000000	0.001000	0.000000	0.000000
2015-05-14 03:00:00	0.000000	0.000000	0.001000	0.000000	0.000000
2015-05-14 03:30:00	0.000000	0.000000	0.001000	0.000000	0.000000
2015-05-14 04:00:00	0.000000	0.000000	0.001000	0.000000	0.000000
2015-05-14 04:30:00	0.000000	0.000000	0.001000	0.000000	0.000000
2015-05-14 05:00:00	0.000000	0.000000	0.001000	0.000000	0.000000
2015-05-14 05:30:00	0.000000	0.000000	0.001000	0.000000	0.000000
2015-05-14 06:00:00	0.000000	0.000000	0.001000	0.000000	0.000000
2015-05-14 06:30:00	0.000000	0.000000	0.001000	0.000000	0.000000
2015-05-14 07:00:00	0.000000	0.000000	0.001000	0.000000	0.000000
2015-05-14 07:30:00	0.000000	0.000000	0.001000	0.000000	0.000000
2015-05-14 08:00:00	0.000000	0.000000	0.001000	0.000000	0.000000
2015-05-14 08:30:00	0.000000	0.000000	0.001000	0.000000	0.000000
2015-05-14 09:00:00	0.000000	0.000000	0.001000	0.000000	0.000000
2015-05-14 09:30:00	0.000000	0.000000	0.001000	0.000000	0.000000
2015-05-14 10:00:00	0.000000	0.000000	0.001000	0.000000	0.000000
2015-05-14 10:30:00	0.000000	0.000000	0.001000	0.000000	0.000000
2015-05-14 11:00:00	0.000000	0.000000	0.001000	0.000000	0.000000
2015-05-14 11:30:00	0.000000	0.000000	0.001000	0.000000	0.000000
2015-05-14 12:00:00	0.000000	0.000000	0.001000	0.000000	0.000000
2015-05-14 12:30:00	0.000000	0.000000	0.001000	0.000000	0.000000
2015-05-14 13:00:00	0.000000	0.000000	0.001000	0.000000	0.000000
2015-05-14 13:30:00	0.000000	0.000000	0.001000	0.000000	0.000000
2015-05-14 14:00:00	0.000000	0.000000	0.001000	0.000000	0.000000
2015-05-14 14:30:00	0.000000	0.000000	0.001000	0.000000	0.000000
2015-05-14 15:00:00	0.000000	0.000000	0.001000	0.000000	0.000000
2015-05-14 15:30:00	0.000000	0.000000	0.001000	0.000000	0.000000
2015-05-14 16:00:00	0.000000	0.000000	0.001000	0.000000	0.000000
2015-05-14 16:30:00	0.000000	0.000000	0.001000	0.000000	0.000000
2015-05-14 17:00:00	0.000000	0.000000	0.001000	0.000000	0.000000
2015-05-14 17:30:00	0.000000	0.000000	0.001000	0.000000	0.000000
2015-05-14 18:00:00	0.000000	0.000000	0.001000	0.000000	0.000000
2015-05-14 18:30:00	0.000000	0.000000	0.001000	0.000000	0.000000
2015-05-14 19:00:00	0.000000	0.000000	0.001000	0.000000	0.000000
2015-05-14 19:30:00	0.000000	0.000000	0.001000	0.000000	0.000000
2015-05-14 20:00:00	0.000000	0.000000	0.001000	0.000000	0.000000
2015-05-14 20:30:00	0.000000	0.000000	0.001000	0.000000	0.000000
2015-05-14 21:00:00	0.000000	0.000000	0.001000	0.000000	0.000000
2015-05-14 21:30:00	0.000000	0.000000	0.001000	0.000000	0.000000
2015-05-14 22:00:00	0.000000	0.000000	0.001000	0.000000	0.000000
2015-05-14 22:30:00	0.000000	0.000000	0.001000	0.000000	0.000000
2015-05-14 23:00:00	0.000000	0.000000	0.001000	0.000000	0.000000
2015-05-14 23:30:00	0.000000	0.000000	0.001000	0.000000	0.000000
2015-05-17 00:30:00	0.000000	0.000000	0.001000	0.000000	0.000000
2015-05-17 01:00:00	0.000000	0.000000	0.001000	0.000000	0.000000
2015-05-17 01:30:00	0.000000	0.000000	0.001000	0.000000	0.000000
2015-05-17 02:00:00	0.000000	0.000000	0.001000	0.000000	0.000000
2015-05-17 02:30:00	0.000000	0.000000	0.001000	0.000000	0.000000
2015-05-17 03:00:00	0.000000	0.000000	0.001000	0.000000	0.000000
2015-05-17 03:30:00	0.000000	0.000000	0.001000	0.000000	0.000000
2015-05-17 04:00:00	0.000000	0.000000	0.001000	0.000000	0.000000
2015-05-17 04:30:00	0.000000	0.000000	0.001000	0.000000	0.000000
2015-05-17 05:00:00	0.000000	0.000000	0.001000	0.000000	0.000000
2015-05-17 05:30:00	0.000000	0.000000	0.001000	0.000000	0.000000
2015-05-17 06:00:00	0.000000	0.000000	0.001000	0.000000	0.000000
2015-05-17 06:30:00	0.000000	0.000000	0.001000	0.000000	0.000000
2015-05-17 07:00:00	0.000000	0.000000	0.001000	0.000000	0.000000
2015-05-17 07:30:00	0.000000	0.000000	0.001000	0.000000	0.000000
2015-05-17 08:00:00	0.000000	0.000000	0.001000	0.000000	0.000000
2015-05-17 08:30:00	0.000000	0.000000	0.001000	0.000000	0.000000
2015-05-17 09:00:00	0.000000	0.000000	0.001000	0.000000	0.000000
2015-05-17 09:30:00	0.000000	0.000000	0.001000	0.000000	0.000000
2015-05-17 10:00:00	0.000000	0.000000	0.001000	0.000000	0.000000
2015-05-17 10:30:00	0.000000	0.000000	0.001000	0.000000	0.000000
2015-05-17 11:00:00	0.000000	0.000000	0.001000	0.000000	0.000000
2015-05-17 11:30:00	0.000000	0.000000	0.001000	0.000000	0.000000
2015-05-17 12:00:00	0.000000	0.000000	0.001000	0.000000	0.000000
2015-05-17 12:30:00	0.000000	0.000000	0.001000	0.000000	0.000000
2015-05-17 13:00:00	0.000000	0.000000	0.001000	0.000000	0.000000
2015-05-17 13:30:00	0.000000	0.000000	0.001000	0.000000	0.000000
2015-05-17 14:00:00	0.000000	0.000000	0.001000	0.000000	0.000000
2015-05-17 14:30:00	0.000000	0.000000	0.001000	0.000000	0.000000
2015-05-17 15:00:00	0.000000	0.000000	0.001000	0.000000	0.000000
2015-05-17 15:30:00	0.000000	0.000000	0.001000	0.000000	0.000000
2015-05-17 16:00:00	0.000000	0.000000	0.001000	0.000000	0.000000
2015-05-17 16:30:00	0.000000	0.000000	0.001000	0.000000	0.000000
2015-05-17 17:00:00	0.000000	0.000000	0.001000	0.000000	0.000000
2015-05-17 17:30:00	0.000000	0.000000	0.001000	0.000000	0.000000
2015-05-17 18:00:00	0.000000	0.000000	0.001000	0.000000	0.000000
2015-05-17 18:30:00	0.000000	0.000000	0.001000	0.000000	0.000000
2015-05-17 19:00:00	0.000000	0.000000	0.001000	0.000000	0.000000
2015-05-17 19:30:00	0.000000	0.000000	0.001000	0.000000	0.000000
2015-05-17 20:00:00	0.000000	0.000000	0.001000	0.000000	0.000000
2015-05-17 20:30:00	0.000000	0.000000	0.001000	0.000000	0.000000
2015-05-17 21:00:00	0.000000	0.000000	0.001000	0.000000	0.000000
2015-05-17 21:30:00	0.000000	0.000000	0.001000	0.000000	0.000000
2015-05-17 22:00:00	0.000000	0.000000	0.001000	0.000000	0.000000
2015-05-17 22:30:00	0.000000	0.000000	0.001000	0.000000	0.000000
2015-05-17 23:00:00	0.000000	0.000000	0.001000	0.000000	0.000000
2015-05-17 23:30:00	0.000000	0.000000	0.001000	0.000000	0.000000
2015-05-18 00:00:00	0.000000	0.000000	0.001000	0.000000	0.000000
2015-05-18 00:30:00	0.000000	0.000000	0.001000	0.000000	0.000000
2015-05-18 01:00:00	0.000000	0.000000	0.001000	0.000000	0.000000
2015-05-18 01:30:00	0.000000	0.000000	0.001000	0.000000	0.000000
2015-05-18 02:00:00	0.000000	0.000000	0.001000	0.000000	0.000000
2015-05-18 02:30:00	0.000000	0.000000	0.001000	0.000000	0.000000
2015-05-18 03:00:00	0.000000	0.000000	0.001000	0.000000	0.000000
2015-05-18 03:30:00	0.000000	0.000000	0.001000	0.000000	0.000000
2015-05-18 04:00:00	0.000000	0.000000	0.001000	0.000000	0.000000
2015-05-18 04:30:00	0.000000	0.000000	0.001000	0.000000	0.000000
2015-05-18 05:00:00	0.000000	0.000000	0.001000	0.000000	0.000000
2015-05-18 05:30:00	0.000000	0.000000	0.001000	0.000000	0.000000
2015-05-18 06:00:00	0.000000	0.000000	0.001000	0.000000	0.000000
2015-05-18 06:30:00	0.000000	0.000000	0.001000	0.000000	0.000000
2015-05-18 07:00:00	0.000000	0.000000	0.001000	0.000000	0.000000
2015-05-18 07:30:00	0.000000	0.000000	0.001000	0.000000	0.000000
2015-05-18 08:00:00	0.000000	0.000000	0.001000	0.000000	0.000000
2015-05-18 08:30:00	1.000000	0.000000	0.001000	0.017480	0.000000
2015-05-18 09:00:00	4.000000	1.000000	0.015000	0.493613	0.000000
2015-05-18 09:30:00	1.000000	2.000000	0.031400	1.000000	1.000000
2015-05-18 10:00:00	1.000000	3.000000	0.042900	1.000000	3.000000
2015-05-18 10:30:00	4.000000	3.000000	0.015000	0.611426	2.000000
2015-05-18 11:00:00	1.000000	3.000000	0.014900	0.018243	2.000000
2015-05-18 11:30:00	5.000000	2.000000	0.015500	0.005202	2.000000
2015-05-18 12:00:00	1.000000	3.000000	0.025700	0.730095	2.000000
2015-05-18 12:30:00	9.000000	1.000000	0.014900	0.416354	1.000000
2015-05-18 13:00:00	8.000000	2.000000	0.027800	0.472576	1.000000
2015-05-18 13:30:00	1.000000	2.000000	0.015900	0.372612	3.000000
2015-05-18 14:00:00	2.000000	1.000000	0.013700	0.097172	2.000000
2015-05-18 14:30:00	0.000000	1.000000	0.017300	0.006675	1.000000
2015-05-18 15:00:00	3.000000	2.000000	0.029900	0.002580	1.000000
2015-05-18 15:30:00	3.000000	2.000000	0.033400	0.021314	2.000000
2015-05-18 16:00:00	0.000000	2.000000	0.012900	0.002632	3.000000
2015-05-18 16:30:00	6.000000	2.000000	0.026400	0.215423	1.000000
2015-05-18 17:00:00	1.000000	2.000000	0.024300	0.969603	2.000000
2015-05-18 17:30:00	2.000000	2.000000	0.015800	0.016030	1.000000
2015-05-18 18:00:00	5.000000	2.000000	0.013800	0.011248	1.000000
2015-05-18 18:30:00	2.000000	1.000000	0.080400	0.031467	1.000000
2015-05-18 19:00:00	3.000000	1.000000	0.062900	0.711918	1.000000
2015-05-18 19:30:00	1.000000	1.000000	0.089100	1.000000	2.000000
2015-05-18 20:00:00	4.000000	1.000000	0.024200	1.000000	2.000000
2015-05-18 20:30:00	6.000000	1.000000	0.001000	0.930781	1.000000
2015-05-18 21:00:00	0.000000	0.000000	0.001000	0.000000	1.000000
2015-05-18 21:30:00	0.000000	0.000000	0.001000	0.000000	0.000000
2015-05-18 22:00:00	0.000000	0.000000	0.001000	0.000000	0.000000
2015-05-18 22:30:00	0.000000	0.000000	0.001000	0.000000	0.000000
2015-05-18 23:00:00	0.000000	0.000000	0.001000	0.000000	0.000000
2015-05-18 23:30:00	0.000000	0.000000	0.001000	0.000000	0.000000
2015-05-19 00:00:00	0.000000	0.000000	0.001000	0.000000	0.000000
2015-05-19 00:30:00	0.000000	0.000000	0.001000	0.000000	0.000000
2015-05-19 01:00:00	0.000000	0.000000	0.001000	0.000000	0.000000
2015-05-19 01:30:00	0.000000	0.000000	0.001000	0.000000	0.000000
2015-05-19 02:00:00	0.000000	0.000000	0.001000	0.000000	0.000000
2015-05-19 02:30:00	0.000000	0.000000	0.001000	0.000000	0.000000
2015-05-19 03:00:00	0.000000	0.000000	0.001000	0.000000	0.000000
2015-05-19 03:30:00	0.000000	0.000000	0.001000	0.000000	0.000000
2015-05-19 04:00:00	0.000000	0.000000	0.001000	0.000000	0.000000
2015-05-19 04:30:00	0.000000	0.000000	0.001000	0.000000	0.000000
2015-05-19 05:00:00	0.000000	0.000000	0.001000	0.000000	0.000000
2015-05-19 05:30:00	0.000000	0.000000	0.001000	0.000000	0.000000
2015-05-19 06:00:00	0.000000	0.000000	0.001000	0.000000	0.000000
2015-05-19 06:30:00	0.000000	0.000000	0.001000	0.000000	0.000000
2015-05-19 07:00:00	0.000000	0.000000	0.001000	0.000000	0.000000
2015-05-19 07:30:00	0.000000	0.000000	0.001000	0.000000	0.000000
2015-05-19 08:00:00	0.000000	0.000000	0.001000	0.000000	1.000000
2015-05-19 08:30:00	1.000000	0.000000	0.016600	0.032546	0.000000
2015-05-19 09:00:00	4.000000	0.000000	0.026700	0.433658	0.000000
2015-05-19 09:30:00	4.000000	1.000000	0.026700	0.075349	1.000000
2015-05-19 10:00:00	5.000000	1.000000	0.024200	0.488467	2.000000
2015-05-19 10:30:00	2.000000	3.000000	0.028500	0.060490	3.000000
2015-05-19 11:00:00	7.000000	2.000000	0.021300	0.208428	2.000000
2015-05-19 11:30:00	9.000000	1.000000	0.038000	1.000000	2.000000
2015-05-19 12:00:00	5.000000	3.000000	0.018000	0.625478	3.000000
2015-05-19 12:30:00	9.000000	2.000000	0.019200	0.236801	2.000000
2015-05-19 13:00:00	8.000000	2.000000	0.019500	0.006841	2.000000
2015-05-19 13:30:00	10.000000	3.000000	0.017600	0.002135	3.000000
2015-05-19 14:00:00	5.000000	3.000000	0.018900	0.000000	3.000000
2015-05-19 14:30:00	5.000000	3.000000	0.015900	0.162498	3.000000
2015-05-19 15:00:00	6.000000	2.000000	0.015500	0.154411	2.000000
2015-05-19 15:30:00	4.000000	1.000000	0.021400	0.035476	1.000000
2015-05-19 16:00:00	2.000000	1.000000	0.023900	0.265568	2.000000
2015-05-19 16:30:00	7.000000	2.000000	0.018100	1.000000	1.000000
2015-05-19 17:00:00	4.000000	2.000000	0.032900	1.000000	2.000000
2015-05-19 17:30:00	9.000000	1.000000	0.022000	0.034844	1.000000
2015-05-19 18:00:00	7.000000	1.000000	0.048400	0.002411	1.000000
2015-05-19 18:30:00	10.000000	1.000000	0.015200	0.000000	1.000000
2015-05-19 19:00:00	4.000000	1.000000	0.014300	0.000000	1.000000
2015-05-19 19:30:00	6.000000	0.000000	0.001000	0.084066	1.000000
2015-05-19 20:00:00	0.000000	0.000000	0.001000	0.000000	0.000000
2015-05-19 20:30:00	0.000000	0.000000	0.001000	0.000000	0.000000
2015-05-19 21:00:00	0.000000	0.000000	0.001000	0.000000	0.000000
2015-05-19 21:30:00	0.000000	0.000000	0.001000	0.000000	0.000000
2015-05-19 22:00:00	0.000000	0.000000	0.001000	0.000000	0.000000
2015-05-19 22:30:00	0.000000	0.000000	0.001000	0.000000	0.000000
2015-05-19 23:00:00	0.000000	0.000000	0.001000	0.000000	0.000000
2015-05-19 23:30:00	0.000000	0.000000	0.001000	0.000000	0.000000
2015-05-20 00:00:00	0.000000	0.000000	0.001000	0.000000	0.000000
2015-05-20 00:30:00	0.000000	0.000000	0.001000	0.000000	0.000000
2015-05-20 01:00:00	0.000000	0.000000	0.001000	0.000000	0.000000
2015-05-20 01:30:00	0.000000	0.000000	0.001000	0.000000	0.000000
2015-05-20 02:00:00	0.000000	0.000000	0.001000	0.000000	0.000000
2015-05-20 02:30:00	0.000000	0.000000	0.001000	0.000000	0.000000
2015-05-20 03:00:00	0.000000	0.000000	0.001000	0.000000	0.000000
2015-05-20 03:30:00	0.000000	0.000000	0.001000	0.000000	0.000000
2015-05-20 04:00:00	0.000000	0.000000	0.001000	0.000000	0.000000
2015-05-20 04:30:00	0.000000	0.000000	0.001000	0.000000	0.000000
2015-05-20 05:00:00	0.000000	0.000000	0.001000	0.000000	0.000000
2015-05-20 05:30:00	0.000000	0.000000	0.001000	0.000000	0.000000
2015-05-20 06:00:00	0.000000	0.000000	0.001000	0.000000	0.000000
2015-05-20 06:30:00	1.000000	0.000000	0.001000	0.017496	0.000000
2015-05-20 07:00:00	0.000000	0.000000	0.001000	0.000000	0.000000
2015-05-20 07:30:00	0.000000	0.000000	0.001000	0.000000	0.000000
2015-05-20 08:00:00	0.000000	0.000000	0.001000	0.000000	0.000000
2015-05-20 08:30:00	0.000000	0.000000	0.026100	0.000000	0.000000
2015-05-20 09:00:00	5.000000	0.000000	0.034100	0.425776	1.000000
2015-05-20 09:30:00	10.000000	1.000000	0.028300	1.000000	2.000000
2015-05-20 10:00:00	6.000000	3.000000	0.033900	1.000000	3.000000
2015-05-20 10:30:00	0.000000	4.000000	0.033800	0.976647	4.000000
2015-05-20 11:00:00	4.000000	3.000000	0.013500	0.935316	4.000000
2015-05-20 11:30:00	9.000000	4.000000	0.041900	0.832938	3.000000
2015-05-20 12:00:00	6.000000	2.000000	0.014300	0.802427	2.000000
2015-05-20 12:30:00	4.000000	1.000000	0.015400	0.161085	1.000000
2015-05-20 13:00:00	11.000000	1.000000	0.017900	0.042968	1.000000
2015-05-20 13:30:00	5.000000	1.000000	0.014300	0.091495	1.000000
2015-05-20 14:00:00	7.000000	1.000000	0.001500	0.495177	1.000000
2015-05-20 14:30:00	6.000000	1.000000	0.001700	1.000000	1.000000
2015-05-20 15:00:00	5.000000	1.000000	0.014300	0.904826	0.000000
2015-05-20 15:30:00	2.000000	1.000000	0.014400	0.000000	1.000000
2015-05-20 16:00:00	5.000000	1.000000	0.014900	0.000000	1.000000
2015-05-20 16:30:00	2.000000	1.000000	0.011000	0.000000	1.000000
2015-05-20 17:00:00	2.000000	0.000000	0.001000	0.119352	1.000000
2015-05-20 17:30:00	0.000000	0.000000	0.001000	0.000000	0.000000
2015-05-20 18:00:00	0.000000	0.000000	0.001000	0.000000	0.000000
2015-05-20 18:30:00	0.000000	0.000000	0.001000	0.000000	0.000000
2015-05-20 19:00:00	0.000000	0.000000	0.001000	0.000000	0.000000
2015-05-20 19:30:00	0.000000	0.000000	0.001000	0.000000	0.000000
2015-05-20 20:00:00	0.000000	0.000000	0.001000	0.000000	0.000000
2015-05-20 20:30:00	0.000000	0.000000	0.001000	0.000000	0.000000
2015-05-20 21:00:00	0.000000	0.000000	0.001000	0.000000	0.000000
2015-05-20 21:30:00	0.000000	0.000000	0.001000	0.000000	0.000000
2015-05-20 22:00:00	0.000000	0.000000	0.001000	0.000000	0.000000
2015-05-20 22:30:00	0.000000	0.000000	0.001000	0.000000	0.000000
2015-05-20 23:00:00	0.000000	0.000000	0.001000	0.000000	0.000000
